metrics,male,male_DP,female,female_DP,white,white_DP,black,black_DP,Total,Total_DP
auc,0.8831734090580468,0.8243531401121411,0.8809770508704194,0.8238371957482137,0.7830180797906716,0.7330913762393405,0.7684199918598644,0.7256040528482648,0.9403195433203533,0.8970218928809153
accuracy,0.724578203374373,0.7170542635658915,0.7419980601357905,0.7515033947623666,0.4902120717781403,0.5681076672104405,0.4950625411454905,0.6142198815009875,0.8656706449309242,0.8522716180044286
f1_score,0.5,0.4698846646732166,0.474308300395257,0.45835095137420717,0.5311327831957989,0.5544804375262937,0.5517241379310345,0.5814285714285714,0.5061014771997431,0.46450387365911805
precision,0.3459335624284078,0.3291442250149611,0.3264417845484222,0.3239689181111775,0.367983367983368,0.40305810397553515,0.39072847682119205,0.4537346711259755,0.35732195252067217,0.32605626437983687
recall,0.9014925373134328,0.8208955223880597,0.8670520231213873,0.7832369942196532,0.954177897574124,0.8881401617250674,0.9383697813121272,0.8091451292246521,0.8671672708441223,0.8072889694458829
true positive rate,0.9014925373134328,0.8208955223880597,0.8670520231213873,0.7832369942196532,0.954177897574124,0.8881401617250674,0.9383697813121272,0.8091451292246521,0.8671672708441223,0.8072889694458829
false positive rate,0.30731969860064584,0.30166846071044134,0.27739188886399285,0.25341698409141833,0.7111111111111111,0.5707602339181287,0.7244094488188977,0.4822834645669291,0.1344583772803625,0.1438504852310079
