metrics,target_gender_men,target_gender_men_DP,target_gender_women,target_gender_women_DP,target_race_white,target_race_white_DP,target_race_black,target_race_black_DP,Total,Total_DP
auc,0.8218650820447025,0.8074706822427803,0.8135866765867338,0.77716286079475,0.7875188536953244,0.7574660633484163,0.8725629360024265,0.8602123142250531,0.8500174477320481,0.8226709959689928
accuracy,0.7849779086892489,0.7982326951399117,0.7589112119248218,0.7401166558651977,0.7566539923954373,0.7756653992395437,0.8014616321559074,0.7990255785627284,0.7970613656006914,0.7979256698357822
f1_score,0.6010928961748634,0.5594855305466239,0.6463878326996197,0.5617486338797814,0.536231884057971,0.4040404040404041,0.7770177838577291,0.7555555555555555,0.6429440389294403,0.578434908041832
precision,0.582010582010582,0.6492537313432836,0.6215722120658135,0.6268292682926829,0.5285714285714286,0.6451612903225806,0.7454068241469817,0.7846153846153846,0.6284185493460166,0.6872322193658955
recall,0.6214689265536724,0.4915254237288136,0.6732673267326733,0.5089108910891089,0.5441176470588235,0.29411764705882354,0.8114285714285714,0.7285714285714285,0.6581569115815691,0.49937733499377335
true positive rate,0.6214689265536724,0.4915254237288136,0.6732673267326733,0.5089108910891089,0.5441176470588235,0.29411764705882354,0.8114285714285714,0.7285714285714285,0.6581569115815691,0.49937733499377335
false positive rate,0.15737051792828685,0.09362549800796813,0.1994219653179191,0.14739884393063585,0.16923076923076924,0.05641025641025641,0.2059447983014862,0.14861995753715498,0.14955731036133046,0.08734146925101699
